{"cameraMode":{"drawMode":0,"name":"Shaded","section":"Shading Mode"},"sceneLighting":false,"audioPlay":false,"sceneViewState":{"showFog":true,"showMaterialUpdate":false,"showSkybox":false,"showFlares":true,"showImageEffects":true,"showParticleSystems":true,"showVisualEffectGraphs":true,"m_FxEnabled":true},"in2DMode":false,"pivot":{"x":0.09906768798828125,"y":0.6183881163597107,"z":3.2137084007263185},"rotation":{"x":-0.07132147252559662,"y":-0.8036545515060425,"z":0.09836866706609726,"w":-0.5825700163841248},"size":1.5571353435516358,"orthographic":false}