{"cameraMode":{"drawMode":0,"name":"Shaded","section":"Shading Mode"},"sceneLighting":false,"audioPlay":false,"sceneViewState":{"showFog":true,"showMaterialUpdate":false,"showSkybox":false,"showFlares":true,"showImageEffects":true,"showParticleSystems":true,"showVisualEffectGraphs":true,"m_FxEnabled":true},"in2DMode":false,"pivot":{"x":-18.102859497070314,"y":0.5018897652626038,"z":-0.6360859274864197},"rotation":{"x":0.048722703009843829,"y":-0.6939898133277893,"z":0.04709267243742943,"w":0.7168598175048828},"size":1.2684805393218995,"orthographic":false}