{"cameraMode":{"drawMode":0,"name":"Shaded","section":"Shading Mode"},"sceneLighting":false,"audioPlay":false,"sceneViewState":{"showFog":true,"showMaterialUpdate":false,"showSkybox":false,"showFlares":true,"showImageEffects":true,"showParticleSystems":true,"showVisualEffectGraphs":true,"m_FxEnabled":true},"in2DMode":false,"pivot":{"x":-0.5884442925453186,"y":2.126234292984009,"z":-0.14245891571044923},"rotation":{"x":0.026455380022525789,"y":-0.9697408080101013,"z":0.21004661917686463,"w":0.12195539474487305},"size":1.0330126285552979,"orthographic":false}