{"cameraMode":{"drawMode":0,"name":"Shaded","section":"Shading Mode"},"sceneLighting":false,"audioPlay":false,"sceneViewState":{"showFog":true,"showMaterialUpdate":false,"showSkybox":false,"showFlares":true,"showImageEffects":true,"showParticleSystems":true,"showVisualEffectGraphs":true,"m_FxEnabled":true},"in2DMode":false,"pivot":{"x":0.12222003936767578,"y":0.613727331161499,"z":0.41308194398880007},"rotation":{"x":0.1832200437784195,"y":0.7127646803855896,"z":-0.20214302837848664,"w":0.6462489366531372},"size":2.0700736045837404,"orthographic":false}