{"cameraMode":{"drawMode":0,"name":"Shaded","section":"Shading Mode"},"sceneLighting":false,"audioPlay":false,"sceneViewState":{"showFog":true,"showMaterialUpdate":false,"showSkybox":false,"showFlares":true,"showImageEffects":true,"showParticleSystems":true,"showVisualEffectGraphs":true,"m_FxEnabled":true},"in2DMode":false,"pivot":{"x":-0.000010848045349121094,"y":0.06779676675796509,"z":-0.00008225440979003906},"rotation":{"x":-0.15925192832946778,"y":0.7606801390647888,"z":-0.2034245878458023,"w":-0.5955024361610413},"size":4.136070728302002,"orthographic":false}