{"cameraMode":{"drawMode":0,"name":"Shaded","section":"Shading Mode"},"sceneLighting":true,"audioPlay":false,"sceneViewState":{"showFog":true,"showMaterialUpdate":false,"showSkybox":true,"showFlares":true,"showImageEffects":true,"showParticleSystems":true,"showVisualEffectGraphs":true,"m_FxEnabled":true},"in2DMode":false,"pivot":{"x":2.2232558727264406,"y":13.112642288208008,"z":30.75400733947754},"rotation":{"x":0.006036715116351843,"y":-0.9362450838088989,"z":0.3511354923248291,"w":0.016013387590646745},"size":10.693487167358399,"orthographic":false}