{"cameraMode":{"drawMode":0,"name":"Shaded","section":"Shading Mode"},"sceneLighting":false,"audioPlay":false,"sceneViewState":{"showFog":true,"showMaterialUpdate":false,"showSkybox":false,"showFlares":true,"showImageEffects":true,"showParticleSystems":true,"showVisualEffectGraphs":true,"m_FxEnabled":true},"in2DMode":false,"pivot":{"x":-16.169692993164064,"y":0.9643293023109436,"z":1.2560100555419922},"rotation":{"x":0.035635195672512057,"y":-0.9439810514450073,"z":0.10835712403059006,"w":0.30979451537132265},"size":0.3524666428565979,"orthographic":false}